{
  "project_info": {
    "project_number": "395291567506",
    "project_id": "otpverficationkvh",
    "storage_bucket": "otpverficationkvh.appspot.com"
  },
  "client": [
    {
      "client_info": {
        "mobilesdk_app_id": "1:395291567506:android:74821480eb6d29e7e10d4b",
        "android_client_info": {
          "package_name": "com.example.otpverficationkvh"
        }
      },
      "oauth_client": [
        {
          "client_id": "395291567506-or973folbdhcm3b2l8j3g15rdvqq6v5d.apps.googleusercontent.com",
          "client_type": 3
        }
      ],
      "api_key": [
        {
          "current_key": "AIzaSyDWvQpmFSuT-OnOcTnbsP_k16SwtAET4tw"
        }
      ],
      "services": {
        "appinvite_service": {
          "other_platform_oauth_client": [
            {
              "client_id": "395291567506-or973folbdhcm3b2l8j3g15rdvqq6v5d.apps.googleusercontent.com",
              "client_type": 3
            }
          ]
        }
      }
    }
  ],
  "configuration_version": "1"
}